ID,Round,Block,BlockName,BlockID,Group,Question,AnswerA,AnswerB,AnswerC,AnswerD,AnswerE,Correct Answer,Comment
1,0,1,Пробный тест,1,3,I have never come … a person like Steve.,across,out,about,,,A,
2,0,1,Пробный тест,2,3,"Go … , we are all listening.",back,ahead, forward,,,B,
3,0,1,Пробный тест,3,3,"Excuse me, what’s the time, please?",I’m late.,I don’t have time. ,"Sorry, I don’t have a watch.",,,C,
4,0,1,Пробный тест,4,3,Look! It … .,snows ,snowed, is snowing,,,C,
5,0,1,Пробный тест,5,3,"When we were in Spain last year, we … at a marvelous hotel.",stayed,stopped,lived,,,A,
6,0,2,Пробный тест,1,3,Which is not a preposition of place?,Never,Opposite, Next to,,,A,
7,0,2,Пробный тест,2,3,We agreed to … in front of the theatre.,meat ,neat,meet,,,C,
8,0,2,Пробный тест,3,3,"Can I have a … of cake, please? ",bar,glass ,piece,,,C,
9,0,2,Пробный тест,4,3,Where … last Saturday? I went out with Cindy.,did you went,do you go ,did you go,,,C,
10,0,2,Пробный тест,5,3,I have got … friends at school. ,many,much,a,,,A,
11,0,3,Пробный тест,1,3,I always … music when I study., listen to,listen at,listen,,,A,
12,0,3,Пробный тест,2,3,I didn’t have time … beds this morning.,to do,to make, to clean,,,B,
13,0,3,Пробный тест,3,3,"Sorry, he is not … home. ",in,at,to,,,B,
14,0,3,Пробный тест,4,3,Ann … speak English very well. ,cans,can,can to,,,B,
15,0,3,Пробный тест,5,3,But nobody is afraid … him.,of,about,in,,,A,
16,0,4,Пробный тест,1,3,I … my homework because I left my book in school. ,can't to do,can't do ,don't make,,,B,
17,0,4,Пробный тест,2,3,Last week John … his leg. ,fell and broke,felt and broke,fallen and broken,,,A,
18,0,4,Пробный тест,3,3,She is the … person for that job. ,write,right,ride,,,B,
19,0,4,Пробный тест,4,3,It is traditional in Britain to have three … for dinner in a restaurant.,plates,dishes,courses,,,C,
20,0,4,Пробный тест,5,3,He knows the poem by … . ,head,memory,heart,,,C,
21,0,5,Пробный тест,1,3,Jackie goes to sleep … 11:30 in the evening.,on,at,in,,,B,
22,0,5,Пробный тест,2,3,How long does it take to … to Moscow ? ,get,arrive,make,,,A,
23,0,5,Пробный тест,3,3,I saw many … in the village.,goose,gooses,geese,,,C,
24,0,5,Пробный тест,4,3,"It has one face and two hands, it goes and yet it stands.",A clock,A baby,A doll,,,A,
25,0,5,Пробный тест,5,3,When horses sleep they … .,lie,stand,don’t stand,,,B,
26,1,1,"Пословицы, идиомы, устойчивые сочетания, фразовые глаголы",1,3,There are a lot of journalists outside. What's … ? , carrying on , coming across , going on,,,C,
27,1,1,"Пословицы, идиомы, устойчивые сочетания, фразовые глаголы",2,3,"""You … lies!” his father said. ", mustn't say , mustn't tell , don't have to say,,,B,
28,1,1,"Пословицы, идиомы, устойчивые сочетания, фразовые глаголы",3,3,I always feel very nervous when I have to … a speech. , make , do , perform,,,A,
29,1,1,"Пословицы, идиомы, устойчивые сочетания, фразовые глаголы",4,3,She really takes … her mother. , at , after , about,,,B,
30,1,1,"Пословицы, идиомы, устойчивые сочетания, фразовые глаголы",5,3,He seemed quite taken … by the news. , aback , along , about,,,A,
31,1,1,"Пословицы, идиомы, устойчивые сочетания, фразовые глаголы",6,3,Children under 16 … up half the population of the city. , make , fix , take,,,A,
32,1,1,"Пословицы, идиомы, устойчивые сочетания, фразовые глаголы",7,3,Her parents died and she was … up by her grandmother. , taken , brought , kept,,,B,
33,1,1,"Пословицы, идиомы, устойчивые сочетания, фразовые глаголы",8,3,He has … up photography. , taken , kept , made,,,A,
34,1,1,"Пословицы, идиомы, устойчивые сочетания, фразовые глаголы",9,3,You’re walking too fast. I can’t … up with you. , go , turn , keep,,,C,
35,1,1,"Пословицы, идиомы, устойчивые сочетания, фразовые глаголы",10,3,"We arranged to meet Dave last night, but he didn’t … up. ", take , turn , catch,,,B,
36,1,1,"Пословицы, идиомы, устойчивые сочетания, фразовые глаголы",11,3,I’m … my holiday next August. , looking after , looking forward to , waiting for,,,B,
37,1,1,"Пословицы, идиомы, устойчивые сочетания, фразовые глаголы",12,3,Jane knows the subject … . , from cover to cover , inside out , like hell,,,B,
38,1,1,"Пословицы, идиомы, устойчивые сочетания, фразовые глаголы",13,3,To catch somebody … . , red-handed , blue-eyed , short-handed,,,A,
39,1,1,"Пословицы, идиомы, устойчивые сочетания, фразовые глаголы",14,3,It happened ‘out of the blue’ means … . , it was unexpected , it was painful , it happened from time to time,,,A,
40,1,1,"Пословицы, идиомы, устойчивые сочетания, фразовые глаголы",15,3,He’s playing first fiddle means he’s a … . ,good musician ,conductor ,leader,,,C,
41,1,1,"Пословицы, идиомы, устойчивые сочетания, фразовые глаголы",16,3,If you do something at the last moment it means you do it … . , at the tenth hour , at the twelfth hour , at the eleventh hour,,,C,
42,1,1,"Пословицы, идиомы, устойчивые сочетания, фразовые глаголы",17,3,To keep fingers crossed means … . , to wish good luck , to envy , to be angry,,,A,
43,1,1,"Пословицы, идиомы, устойчивые сочетания, фразовые глаголы",18,3,To eat like a bird means … . , to eat a lot , to eat a little , to eat grain,,,B,
44,1,1,"Пословицы, идиомы, устойчивые сочетания, фразовые глаголы",19,3,To work round the clock means to work … . , all day , near the clock , from time to time,,,A,
45,1,1,"Пословицы, идиомы, устойчивые сочетания, фразовые глаголы",20,3,"The rival hit him in the eye, so now he has a … . ", purple eye , blue eye , black eye,,,C,
46,1,1,"Пословицы, идиомы, устойчивые сочетания, фразовые глаголы",21,3,"– What’s the matter with you? - Oh, nothing, really. I’m just … this morning. ", a little off , barking up the wrong tree , a bit down,,,C,
47,1,1,"Пословицы, идиомы, устойчивые сочетания, фразовые глаголы",22,3,The teacher told him to … his work instead of looking out of the window. , get on with , get rid of , look for,,,A,
48,1,1,"Пословицы, идиомы, устойчивые сочетания, фразовые глаголы",23,3,We have a lot of orders at the moment; we’ll have to … extra staff to deal with them. , take on , take up , pick up,,,A,
49,1,1,"Пословицы, идиомы, устойчивые сочетания, фразовые глаголы",24,3,My cold is slowly getting better but I still feel … . , like a fish out of water , going round the circles , under the weather,,,C,
50,1,1,"Пословицы, идиомы, устойчивые сочетания, фразовые глаголы",25,3,I can’t … it. It’s a complete mystery to me. , make up for , make head or tail of , find out,,,B,
51,1,2,«Времена» глагола,1,3,It annoys me that he … . , always smile , will smiled , is always smiling,,,C,
52,1,2,«Времена» глагола,2,3,"I … a friend called Bob, but we've stopped writing to each other. ", used to have , was having , would have,,,A,
53,1,2,«Времена» глагола,3,3,"I'm sorry, she's not here. She … on holiday this week. ", had been gone , has gone , has been ,,,B,
54,1,2,«Времена» глагола,4,3,He … in this company since 200 , is working , works , has been working,,,C,
55,1,2,«Времена» глагола,5,3,Look out! That stack of plates … any moment now. , will fall , is going to fall , is falling,,,B,
56,1,2,«Времена» глагола,6,3,They stood and watched the child … both sandwiches. , eat , ate , had eaten ,,,A,
57,1,2,«Времена» глагола,7,3,"Mary is sick of her job. Well, I suggest that she … for a transfer. ", would ask , asks , ask,,,C,
58,1,2,«Времена» глагола,8,3,I'm sure that the gates … been locked. , has , have , had,,,B,
59,1,2,«Времена» глагола,9,3,"She is never satisfied with her work, … ? ", isn’t she , is she , doesn’t she,,,B,
60,1,2,«Времена» глагола,10,3,I’ll phone you as soon as I … from Mike. , ‘ll hear , ‘ve heard , heard,,,B,
61,1,2,«Времена» глагола,11,3,Here … the bus! , is coming , come , comes,,,C,
62,1,2,«Времена» глагола,12,3,It was Friday evening and she … preparing for the meeting on Saturday. , hasn’t finished yet , still hadn’t finished , still wasn’t finished ,,,B,
63,1,2,«Времена» глагола,13,3,"Before they finally found the restaurant, they … around the town for an hour. ", had been driving , had drove , have been driving,,,A,
64,1,2,«Времена» глагола,14,3,He … to hospital after he fell down the stairs at home. , was taken , Has been carried , was recovered,,,A,
65,1,2,«Времена» глагола,15,3,It wasn’t fair! Before the test the class … all the questions. , had been shown , was being shown , was showed,,,A,
66,1,2,«Времена» глагола,16,3,I … English for five years now. , am studying , have been learning , have learnt,,,B,
67,1,2,«Времена» глагола,17,3,Oh no! I … the plane! I’ll have to wait three hours for the next one. , have missed , lost , have lost ,,,A,
68,1,2,«Времена» глагола,18,3,"I … with my sister for the last two weeks, but my own house is ready to move into now. ", am staying , have been stayed , have been staying,,,C,
69,1,2,«Времена» глагола,19,3,"Before last week’s competition, he … three medals. ", had already won , already won , has already won ,,,A,
70,1,2,«Времена» глагола,20,3,Why … to the cinema tonight? There’s a new thriller on. , won’t we go , we don’t go , don’t we go,,,C,
71,1,2,«Времена» глагола,21,3,They … for an hour when she finally arrived. , had already been waiting , were already waiting , have already been waiting,,,A,
72,1,2,«Времена» глагола,22,3,"When they moved next door, we … in the new house for five years. ", have been living , have lived , had been living,,,C,
73,1,2,«Времена» глагола,23,3,I … to America a few weeks ago. , last went , have last been , have gone last ,,,A,
74,1,2,«Времена» глагола,24,3,"… for the bus, a man with a gun ran out of the bank. ", As soon as we waited , When we waited , As we were waiting,,,C,
75,1,2,«Времена» глагола,25,3,I had to take an alternative route to work yesterday. The road I usually use … up. , was digging , was being dug , is dug,,,B,
76,1,3,Неличные формы глагола,1,3,The girl was … from her friend in the exam. , accusing to copy , accused of copying , accused that she copied,,,B,
77,1,3,Неличные формы глагола,2,3,"Please, remember … English dictionaries tomorrow. ", to bring , bringing , bring,,,A,
78,1,3,Неличные формы глагола,3,3,Visitors are expected … between 9.00 and 11.00 daily. , arrive , arriving , to arrive,,,C,
79,1,3,Неличные формы глагола,4,3,Would you please … during the meeting? , no smoking , not smoke , don't smoke,,,B,
80,1,3,Неличные формы глагола,5,3,Can you make your son … more agreeable? , be , to be , being,,,A,
81,1,3,Неличные формы глагола,6,3,Would you mind … where you come from? , telling , telling me , to tell me,,,B,
82,1,3,Неличные формы глагола,7,3,We saw the man … the house. , enter , entered , to enter,,,A,
83,1,3,Неличные формы глагола,8,3,The teacher asked … the next paragraph. , her to read , her that she read , that she reads,,,A,
84,1,3,Неличные формы глагола,9,3,… rainforests has a serious effect on the environment. , To cut out , Knocking out , Cutting down,,,C,
85,1,3,Неличные формы глагола,10,3,The exam was too difficult … . , for him finishing , to him for completing , for him to complete,,,C,
86,1,3,Неличные формы глагола,11,3,"Don’t you remember … the letter? We’ve had a reply, so you must have done it! ", to have posted , posting , that you had posted,,,B,
87,1,3,Неличные формы глагола,12,3,James and his friends are … on a picnic at the weekend. , arranged to go , arranging going , arranging to go ,,,C,
88,1,3,Неличные формы глагола,13,3,The gate is broken. I’ll get a carpenter … it. , to mend , for to mend , mend ,,,A,
89,1,3,Неличные формы глагола,14,3,I remember … me ghost stories when I was young. , her read , she was reading to , her reading ,,,C,
90,1,3,Неличные формы глагола,15,3,"… in politics, you should be prepared to take risks. ", To succeed , For succeeding , Succeeding ,,,A,
91,1,3,Неличные формы глагола,16,3,They decided … Puglia for their holiday. , going to , to go to , they will go in ,,,B,
92,1,3,Неличные формы глагола,17,3,He denied … the money. , stealing , to have stolen , that he has stolen,,,A,
93,1,3,Неличные формы глагола,18,3,"I … the window, but it was jammed. ", was trying opening , tried to open , tried opening,,,B,
94,1,3,Неличные формы глагола,19,3,Who’s that strange-looking person … the window? , who stands at , standing by , is standing at,,,B,
95,1,3,Неличные формы глагола,20,3,"In New York, at the top of a skyscraper it is possible for people to see snow … while people on the ground see rain. ", fall , is falling , falling ,,,C,
96,1,3,Неличные формы глагола,21,3,We are really looking forward … the competition. , entering , to enter , to entering ,,,C,
97,1,3,Неличные формы глагола,22,3,I can’t stand … in long queues! , to wait , that I wait , waiting,,,C,
98,1,3,Неличные формы глагола,23,3,She suggested … him before they went to his house. , to phone , phoning , that they had phoned,,,B,
99,1,3,Неличные формы глагола,24,3,"During the test, their teacher allowed … up words they didn’t know in their dictionaries. ", that they looked , them looking , them to look ,,,C,
100,1,3,Неличные формы глагола,25,3,"I know they’d disagreed. However, it wasn’t very polite … her. ", that he has ignored , of him ignoring , of him to ignore,,,C,
101,1,4,Модальные и неправильные глаголы + «used to»,1,3,"There was a fire in the factory last Friday night, but fortunately the fire officers … put it out. ", could , have managed to , were able to ,,,C,
102,1,4,Модальные и неправильные глаголы + «used to»,2,3,Her grandfather … a policeman in London. , is used to be , used to be , used to being,,,B,
103,1,4,Модальные и неправильные глаголы + «used to»,3,3,"If someone does you a favour, you … a favour in return. ", will do them , should do them , could do for them ,,,B,
104,1,4,Модальные и неправильные глаголы + «used to»,4,3,Why … work last Saturday? , had he to , must he , did he have to,,,C,
105,1,4,Модальные и неправильные глаголы + «used to»,5,3,"When he was young, my brother … trees. ", was used to climb , used to climb , used to climbing,,,B,
106,1,4,Модальные и неправильные глаголы + «used to»,6,3,I wish … to university when I had the chance! , I went , I had gone , would go,,,B,
107,1,4,Модальные и неправильные глаголы + «used to»,7,3,They … at home. The lights are off. , can't be , must be , mustn't be,,,A,
108,1,4,Модальные и неправильные глаголы + «used to»,8,3,He … down and broke his leg. , felt , fell , falls,,,B,
109,1,4,Модальные и неправильные глаголы + «used to»,9,3,The young man … that a sunray was playing on his face. , fell , felt , filled,,,B,
110,1,4,Модальные и неправильные глаголы + «used to»,10,3,I had lost my keys and was glad when I … them. , found , founded , find,,,A,
111,1,4,Модальные и неправильные глаголы + «used to»,11,3,He didn’t admit that he had … to his parents. , lied , laid , lain,,,A,
112,1,4,Модальные и неправильные глаголы + «used to»,12,3,Please don’t … from the sofa and don’t move! , rise , raise , rose,,,A,
113,1,4,Модальные и неправильные глаголы + «used to»,13,3,She … her head and didn’t look up at me. , didn’t rise , didn’t raise , didn’t rose,,,B,
114,1,4,Модальные и неправильные глаголы + «used to»,14,3,Mr. Brown … in bed and didn’t want to get up. , laid , lay , lied,,,B,
115,1,4,Модальные и неправильные глаголы + «used to»,15,3,The waitress … the knives and forks on the table. , layed , laid , lied,,,B,
116,1,4,Модальные и неправильные глаголы + «used to»,16,3,When I entered the room she was … in bed and reading. , laying , lieing , lying,,,C,
117,1,4,Модальные и неправильные глаголы + «used to»,17,3,I was pushing the door with all might – but it … open! , shouldn’t , wouldn’t , hadn’t,,,B,
118,1,4,Модальные и неправильные глаголы + «used to»,18,3,He sees very poorly. He … wear glasses all the time. , has to , ought , can,,,A,
119,1,4,Модальные и неправильные глаголы + «used to»,19,3,"The painting … be a masterpiece, but the colours are wonderful! ", ought not , may not , must not,,,B,
120,1,4,Модальные и неправильные глаголы + «used to»,20,3,You’ve broken my cup. You … it! , needn’t take , didn’t need to take , needn’t have taken,,,C,
121,1,4,Модальные и неправильные глаголы + «used to»,21,3,He crashed into a wall yesterday. He … attention to the road. , must paid no , didn’t need to pay , can’t have been paying,,,C,
122,1,4,Модальные и неправильные глаголы + «used to»,22,3,We … work tomorrow because it’s a national holiday. , mustn’t , don’t have to , needn’t to ,,,B,
123,1,4,Модальные и неправильные глаголы + «used to»,23,3,"The dog swallowed my mobile phone, but the vet… extract it. ", succeeded in , was able to , had been able to ,,,B,
124,1,4,Модальные и неправильные глаголы + «used to»,24,3,It … my uncle you saw yesterday. He died three years ago. , couldn’t be , mustn’t have been , couldn’t have been,,,C,
125,1,4,Модальные и неправильные глаголы + «used to»,25,3,"Ten years from now, the giant panda … any more. ", might not exist , can’t be existing , shouldn’t exist ,,,A,
126,1,5,Именные части речи,1,3,She was … when she got lost in the bazaar in Tunis. , absolutely terrified , absolutely terrifying , very frightening,,,A,
127,1,5,Именные части речи,2,3,… people in my town go to work by car. , Most of , The most of , Most of the,,,C,
128,1,5,Именные части речи,3,3,I don't think my driving is … to pass the test. , enough good , good enough , well enough,,,B,
129,1,5,Именные части речи,4,3,Your salary is the same … . , as her , as hers , like hers,,,B,
130,1,5,Именные части речи,5,3,They are planning a … . , two-hour session , two-hours session , session of two hours ,,,A,
131,1,5,Именные части речи,6,3,He said that this machine required far … repairs than the others. , less , lesser , fewer ,,,C,
132,1,5,Именные части речи,7,3,The … must be intelligent and well-educated people. , editors-in-chief , editor-in-chiefs , editor-in-chief ,,,A,
133,1,5,Именные части речи,8,3,Her favourite flowers were … . , forgets-me-not , forget-me-not , forget-me-nots ,,,C,
134,1,5,Именные части речи,9,3,I've used many new and important … in my report. , datum , data , datas ,,,B,
135,1,5,Именные части речи,10,3,About two … workers took part in the strike. , thousandes , thousands , thousand ,,,C,
136,1,5,Именные части речи,11,3,This … is poorly studied. , phenomenon , phenomenons , phenomena ,,,A,
137,1,5,Именные части речи,12,3,Look ! The gate … open! , is , are , was ,,,A,
138,1,5,Именные части речи,13,3,Billiards … an interesting game. , are , is , were ,,,B,
139,1,5,Именные части речи,14,3,She had a wonderful three-… holiday in July. , week , weekes , weeks,,,A,
140,1,5,Именные части речи,15,3,I like … pictures over there. , that , these , those,,,C,
141,1,5,Именные части речи,16,3,There are many …-doctors in the hospital. , woman , womens , women,,,C,
142,1,5,Именные части речи,17,3,Nick’s mother and my mother are … . , housewives , houseswives , housewifes,,,A,
143,1,5,Именные части речи,18,3,Physics … my best subject at school. , are , is , were,,,B,
144,1,5,Именные части речи,19,3,The news … so exciting that I couldn’t sleep. , was , were , is,,,A,
145,1,5,Именные части речи,20,3,The police … arrested the thief. , have , has , was,,,A,
146,1,5,Именные части речи,21,3,Their meeting was not accidental … . , also , too , either,,,C,
147,1,5,Именные части речи,22,3,They lived in a … house. , nice little old , old nice little , little old nice,,,A,
148,1,5,Именные части речи,23,3,I’m grateful to him for his … . , advices , advises , advice,,,C,
149,1,5,Именные части речи,24,3,There were only … people in the cinema. , little , few , a few,,,C,
150,1,5,Именные части речи,25,3,Which football team has won … championships? , more , the majority , the most,,,A,
151,1,6,Артикли и предлоги,1,3,Susan is going … holiday next Christmas. , on , at a , to a,,,A,
152,1,6,Артикли и предлоги,2,3,"Don’t worry, she will look … the kids. ", at , on , after,,,C,
153,1,6,Артикли и предлоги,3,3,I’m looking … Steve. Have you seen him? , at , for , on,,,B,
154,1,6,Артикли и предлоги,4,3,Look … ! There’s a car coming. , out , for , at,,,A,
155,1,6,Артикли и предлоги,5,3,You should look … the new words in the dictionary. , up , at , on,,,A,
156,1,6,Артикли и предлоги,6,3,He looks … on anyone who doesn’t have a college education. , at , down , up,,,B,
157,1,6,Артикли и предлоги,7,3,The meeting has been put … till next week. , out , away , off,,,C,
158,1,6,Артикли и предлоги,8,3,The firefighters managed to put … the fire. , out , off , away,,,A,
159,1,6,Артикли и предлоги,9,3,"… the end, he agreed with his mother. ", At , In , On,,,B,
160,1,6,Артикли и предлоги,10,3,"Shortly after our arrival … Turkey, she fell ill. ", in , to , at,,,A,
161,1,6,Артикли и предлоги,11,3,Trafalgar Square , a , the , no article,,,C,
162,1,6,Артикли и предлоги,12,3,Tower of London , a , the , no article,,,B,
163,1,6,Артикли и предлоги,13,3,Houses of Parliament , a , the , no article,,,B,
164,1,6,Артикли и предлоги,14,3,Thames , a , the , no article,,,B,
165,1,6,Артикли и предлоги,15,3,Westminster Abbey , a , the , no article,,,C,
166,1,6,Артикли и предлоги,16,3,Victoria Station , a , the , no article,,,C,
167,1,6,Артикли и предлоги,17,3,River Thames , a , the , no article,,,B,
168,1,6,Артикли и предлоги,18,3,Bank of England , a , the , no article,,,B,
169,1,6,Артикли и предлоги,19,3,Buckingham Palace , a , the , no article,,,C,
170,1,6,Артикли и предлоги,20,3,British Museum , a , the , no article,,,B,
171,1,6,Артикли и предлоги,21,3,We should congratulate them … their wedding. , with , on , of,,,B,
172,1,6,Артикли и предлоги,22,3,Going to Spain this year is … question. , in , out of , out of the,,,C,
173,1,6,Артикли и предлоги,23,3,John kept on chatting while she was explaining. … end she lost her temper and told him to leave the room. , At the , In the , By the,,,B,
174,1,6,Артикли и предлоги,24,3,Don’t lean … that wall! The paint is still wet. , along , at , against,,,C,
175,1,6,Артикли и предлоги,25,3,Excuse me but you’re … I can’t get to the cupboard. , in a way , on the way , in the way,,,C,
176,1,7,Структура предложения,1,3,You should take malaria tablets before going to India … you get bitten by a mosquito. , if , by chance , in case,,,C,
177,1,7,Структура предложения,2,3,The exam was too difficult … . , for finishing for him , to him for completing , for him to complete,,,C,
178,1,7,Структура предложения,3,3,"… a lot of money, he wasn't happy. ", Despite having , Even though having , Although that he had,,,A,
179,1,7,Структура предложения,4,3,I don't like pineapple on a pizza. … . , I also don't like , Neither me too , Neither do I,,,C,
180,1,7,Структура предложения,5,3,"Excuse me, can you tell me where … ? ", I can find station , the station is , is the station,,,B,
181,1,7,Структура предложения,6,3,The teacher asked … read the next paragraph. , her to , her that she , that she,,,A,
182,1,7,Структура предложения,7,3,"… he studied hard, he didn't pass the exam. ", However , Even though , Despite,,,B,
183,1,7,Структура предложения,8,3,She usually takes a sandwich to school … she gets hungry. , in case , although , however,,,A,
184,1,7,Структура предложения,9,3,The director dislikes … work early. , if I'm leaving , if I leave , my leaving,,,C,
185,1,7,Структура предложения,10,3,Three days … long enough for a good holiday. , isn't , aren't , weren't,,,A,
186,1,7,Структура предложения,11,3,"We have to prepare the report by tomorrow, … . ", haven’t we? , have we? , don’t we ?,,,C,
187,1,7,Структура предложения,12,3,… failing the exam was not unexpected. , Jim , Jim is , Jim’s,,,C,
188,1,7,Структура предложения,13,3,It wasn’t … for them to go swimming. , enough warm , warm enough , too much warm,,,B,
189,1,7,Структура предложения,14,3,"Julie thought the film was great, but … it was really boring. ", from Dave’s point of view , in Dave’s viewpoint , from Dave’s opinion,,,A,
190,1,7,Структура предложения,15,3,Please could you pass me … into the sauce? , some pepper to sprinkle , any pepper for mincing , pepper for pinching,,,A,
191,1,7,Структура предложения,16,3,"… he arrived at the station, the train had gone. ", As soon as , Once , By the time,,,C,
192,1,7,Структура предложения,17,3,"X: “Have you ever been to Spain?” Y: “… , we were there last week.” ", However , Presently , Actually,,,C,
193,1,7,Структура предложения,18,3,… I really like about the teacher is that she is always so patient. , That , What , What thing,,,B,
194,1,7,Структура предложения,19,3,"I’m jealous! While we … a French test next Wednesday, she … to New Zealand! ", will be having … flies , are having … ’ll be flying , have … flew,,,B,
195,1,7,Структура предложения,20,3,I … we were at school together. , have been knowing her since , have known her from , have known her since,,,C,
196,1,7,Структура предложения,21,3,Oh no! I … with the salary calculations. My boss will kill me! , have done an error , have made a mistake , did a mistake ,,,B,
197,1,7,Структура предложения,22,3,Please phone the plumber; one of the pipes in the kitchen … . , has a loss , is leaking , has a waste,,,B,
198,1,7,Структура предложения,23,3,I don’t have any money: I … on holiday this year. , can’t afford going , can’t afford to go , don’t permit myself to go,,,B,
199,1,7,Структура предложения,24,3,Do you know how much … ? , she weighs , does she weigh , she is being heavy,,,A,
200,1,7,Структура предложения,25,3,X: I didn’t know many people at Paul’s party! Y: … .,Neither did I , Nor I did , So did I,,,A,
201,1,8,Пассив и условное наклонение,1,3,You'll never pass the exam … harder. , if you will study , if you study , unless you study,,,C,
202,1,8,Пассив и условное наклонение,2,3,"I think I … on Saturday, but I'm not sure. ", am getting my hair cut , may get my hair cut , will have cut my hair ,,,B,
203,1,8,Пассив и условное наклонение,3,3,He … when he can afford it. , will have painted his house , is going to have his house painted , would paint his house,,,B,
204,1,8,Пассив и условное наклонение,4,3,"The dog only has one meal, but the puppies … three times a day. ", have to be feed , must be feeding , need feeding,,,C,
205,1,8,Пассив и условное наклонение,5,3,"If I knew her better, I … to come to the cinema with me. ", will ask her , would ask her , should ask to her,,,B,
206,1,8,Пассив и условное наклонение,6,3,Your hair is too long! When … ? , will you cut them , are you going to get it cut , will you get them cut,,,B,
207,1,8,Пассив и условное наклонение,7,3,"Did you like the article? Yes, rarely … anything so well-written. ", I have read , did I read , have I read ,,,C,
208,1,8,Пассив и условное наклонение,8,3,He will have his car … . , to service , serviced , servicing,,,B,
209,1,8,Пассив и условное наклонение,9,3,I had the piano … . , to tune , tuned , tune,,,B,
210,1,8,Пассив и условное наклонение,10,3,I wish I … these fashionable clothes. , would buy , could buy , will buy,,,B,
211,1,8,Пассив и условное наклонение,11,3,"In the Middle Ages, grey eyes … beautiful. ", were thought to be , were considered that they were , have been thought they were ,,,A,
212,1,8,Пассив и условное наклонение,12,3,He … so tired all the time if he slept for eight hours a night. , would be , wouldn’t be , won’t be,,,B,
213,1,8,Пассив и условное наклонение,13,3,"If I could travel in time, I think I … Ancient Egypt. ", would visit , will visit , have visited ,,,A,
214,1,8,Пассив и условное наклонение,14,3,"If I’d studied more at school, I … much more today. ", could have earned , would be earning , would have earned ,,,B,
215,1,8,Пассив и условное наклонение,15,3,I wish I … curly hair like my sister. , had , would have , have ,,,A,
216,1,8,Пассив и условное наклонение,16,3,"If he hadn’t been driving like an idiot, his passenger … today. ", wouldn’t have been alive , would have been alive , would be alive,,,B,
217,1,8,Пассив и условное наклонение,17,3,X: What … if you … twenty thousand euros? Y: I think I’d use it to finance my studies. I’d like to go to university full time. , will you do …. won , would you do … had won , would you do …. won ,,,C,
218,1,8,Пассив и условное наклонение,18,3,"If he … for an exam, he’d go away for the weekend. ", weren’t studying , doesn’t study , hadn’t studied,,,A,
219,1,8,Пассив и условное наклонение,19,3,"She wishes she … more fashionable clothes, but she can’t afford them. ", has , has had , had,,,C,
220,1,8,Пассив и условное наклонение,20,3,"So all’s well that ends well! However, what … if the problem … ? ", did you do … wouldn’t solve , are you doing … hasn’t been solved , would you have done … hadn’t been solved,,,C,
221,1,8,Пассив и условное наклонение,21,3,This car is filthy! It … . , wants to wash , needs washing , requires a wash up,,,B,
222,1,8,Пассив и условное наклонение,22,3,I wish I … more time for my hobbies. , have , had , have had ,,,B,
223,1,8,Пассив и условное наклонение,23,3,What … if you … the competition? , do you do … are winning , would you have done … won , would you do … won,,,C,
224,1,8,Пассив и условное наклонение,24,3,If the teacher … more slowly I would understand her. , is speaking , has spoken , spoke ,,,C,
225,1,8,Пассив и условное наклонение,25,3,"If she had not been so angry, she … a little more diplomatically. ", would speak , would have spoken , spoke,,,B,
226,1,9,Лексика (вставить слово),1,3,The … is to be repaid over the next five years. , capital , loan , interest ,,,B,
227,1,9,Лексика (вставить слово),2,3,When I went to … I only saw my parents during the holidays. , day school , boarding school , state school ,,,B,
228,1,9,Лексика (вставить слово),3,3,"They consulted the student and the professor, the … being more useful. ", last , latest , latter,,,C,
229,1,9,Лексика (вставить слово),4,3,Did you know that Peter had arranged the party … for you? , specially , especially , particularly ,,,A,
230,1,9,Лексика (вставить слово),5,3,"My flat is just near my office, which is … for me. ", comfortable , cosy , convenient ,,,C,
231,1,9,Лексика (вставить слово),6,3,If you want to play the piano well you must … a lot. , practice , practise , train ,,,B,
232,1,9,Лексика (вставить слово),7,3,I saw a very good … advertised in the paper. , office , work , job ,,,C,
233,1,9,Лексика (вставить слово),8,3,There is a lot of talk nowadays about … rights. , human , humane , humanitarian,,,A,
234,1,9,Лексика (вставить слово),9,3,Many people nowadays are changing from large cars to small ones because they are far more … . , economic , economical , economy ,,,B,
235,1,9,Лексика (вставить слово),10,3,"I do wish you'd grow up, John! You're so … at times. ", childhood , childlike , childish ,,,C,
236,1,9,Лексика (вставить слово),11,3,It's much too hot. Let's go and sit in the … . , shadow , shade , shelter,,,B,
237,1,9,Лексика (вставить слово),12,3,Heavy snow … the train for several hours. , postponed , prevented , delayed ,,,C,
238,1,9,Лексика (вставить слово),13,3,Children under four travel half-… . , fair , spare , fare ,,,C,
239,1,9,Лексика (вставить слово),14,3,The ship set … for Jamaica . , sale , sail , sailed ,,,B,
240,1,9,Лексика (вставить слово),15,3,She wore her hair in a … . , plate , plaque , plait ,,,C,
241,1,9,Лексика (вставить слово),16,3,You'd be … stiff in a job like that. , board , bored , bore,,,B,
242,1,9,Лексика (вставить слово),17,3,The heat … us all leave early. , caused , made , forced ,,,B,
243,1,9,Лексика (вставить слово),18,3,Your … to this matter will be greatly appreciated. , attention , approval , support,,,A,
244,1,9,Лексика (вставить слово),19,3,I am writing in … with our next monthly meeting. , response , reply , connection ,,,C,
245,1,9,Лексика (вставить слово),20,3,I would be grateful … further information. , receiving , to receive , receive ,,,B,
246,1,9,Лексика (вставить слово),21,3,Any help you can provide will be … . , gratifying , grateful , appreciated ,,,C,
247,1,9,Лексика (вставить слово),22,3,I regret to … you that I cannot attend the meeting. , say , inform , reply ,,,B,
248,1,9,Лексика (вставить слово),23,3,Do not … to contact me if you have further questions. , avoid , bother , hesitate ,,,C,
249,1,9,Лексика (вставить слово),24,3,I give your proposal my wholehearted … . , approval , sustenance , approbation ,,,A,
250,1,9,Лексика (вставить слово),25,3,I would appreciate your … attention to this matter. , prompt , soon , fast,,,A,
251,1,10,Лексика (подобрать синоним или определение),1,3,The committee failed to make any <i>headway<i>. , profit , progress , agreement,,,B,
252,1,10,Лексика (подобрать синоним или определение),2,3,Our position was <i>undermined<i> by the opposite party. , conspired , splintered , weakened,,,C,
253,1,10,Лексика (подобрать синоним или определение),3,3,She <i>utterly<i> misrepresented their position. , completely , purposely , surprisingly,,,A,
254,1,10,Лексика (подобрать синоним или определение),4,3,He doesn’t <i>perceive<i> all the consequences of his actions. , accept , understand , admit,,,B,
255,1,10,Лексика (подобрать синоним или определение),5,3,There has been a <i>protracted<i> discussion over the issue. , explosive , heated , lengthy,,,C,
256,1,10,Лексика (подобрать синоним или определение),6,3,She paid the delivery man <i>grudgingly<i>. , generously , unwillingly , quickly,,,B,
257,1,10,Лексика (подобрать синоним или определение),7,3,One thing was sure; the future looked <i>bleak<i>. , discouraging , spoiled , promising,,,A,
258,1,10,Лексика (подобрать синоним или определение),8,3,The plans for reorganization were <i>acclaimed<i> by the employees. , criticized , praised , accepted,,,B,
259,1,10,Лексика (подобрать синоним или определение),9,3,Is he good at <i>solving<i> problems? , dealing with , deciding , coping,,,A,
260,1,10,Лексика (подобрать синоним или определение),10,3,We’ve bought a new <i>stove<i> recently. , cook , cooker , plant,,,B,
261,1,10,Лексика (подобрать синоним или определение),11,3,She was <i>vague<i> about her plans. , definite , plain , uncertain,,,C,
262,1,10,Лексика (подобрать синоним или определение),12,3,The kids <i>seemed<i> to be sleeping. , emerged , appeared , thought,,,B,
263,1,10,Лексика (подобрать синоним или определение),13,3,The journey was <i>very tiring<i>. , exhausted , exasperating , exhausting,,,C,
264,1,10,Лексика (подобрать синоним или определение),14,3,The criminal was sent to <i>prison<i>. , janitor , jail , jet,,,B,
265,1,10,Лексика (подобрать синоним или определение),15,3,John is a real <i>underdog<i>. , winner , failure , pet,,,B,
266,1,10,Лексика (подобрать синоним или определение),16,3,Tim failed <i>to accomplish<i> the task. , to fulfil , to enlist , to designate,,,A,
267,1,10,Лексика (подобрать синоним или определение),17,3,He couldn’t put up with<i> it any longer. , remember , bear , explain,,,B,
268,1,10,Лексика (подобрать синоним или определение),18,3,movement of people or cars along the street , traffic , vehicle , transport,,,A,
269,1,10,Лексика (подобрать синоним или определение),19,3,not able to walk normally because of injury or defect , dumb , humpy , lame,,,C,
270,1,10,Лексика (подобрать синоним или определение),20,3,to give somebody hope and confidence , to encourage , to encroach , to enclose,,,A,
271,1,10,Лексика (подобрать синоним или определение),21,3,a word or phrase that is difficult to say quickly and correctly , mouth twister , language twister , tongue twister,,,C,
272,1,10,Лексика (подобрать синоним или определение),22,3,to stop attempting to do something , to give away , to give up , to give off,,,B,
273,1,10,Лексика (подобрать синоним или определение),23,3,a British word ‘pavement’ in American English , sidewalk , side line , side street,,,A,
274,1,10,Лексика (подобрать синоним или определение),24,3,“Hang about” means: , wait for a short time , end a phone call and put down the receiver , spend time at a place doing nothing,,,C,
275,1,10,Лексика (подобрать синоним или определение),25,3,The idiom “to buy a pig in a poke” means: , not to find what one was looking for , to buy something one has not seen before , to be lucky ,,,B,
276,2,1,Фразовые глаголы,1,3,We were … when we saw her so unexpectedly. , barged in , caught on , taken aback ,,,C,
277,2,1,Фразовые глаголы,2,3,I try to be on friendly terms with everyone but it’s difficult to … some of my neighbours. , catch on with , get on with , get by ,,,B,
278,2,1,Фразовые глаголы,3,3,Have you got any pills releasing pain? I’ve got a headache … . , catching on , coming on , winding up ,,,B,
279,2,1,Фразовые глаголы,4,3,Have you seen those twins? It’s really hard to … them apart. , tell , take , make ,,,A,
280,2,1,Фразовые глаголы,5,3,I don’t approve of the way they try to improve the situation. I think they are … it the wrong way. , coming over , going about , taking over ,,,B,
281,2,1,Фразовые глаголы,6,3,Everybody was suddenly awaken when the alarm … off. , went , barged , shot ,,,A,
282,2,1,Фразовые глаголы,7,3,He … as a reliable partner. , puts through , comes off , turns over ,,,A,
283,2,1,Фразовые глаголы,8,3,A bike unexpectedly … in front of him and he was nearly knocked down. , shot up , got about , pulled out ,,,C,
284,2,1,Фразовые глаголы,9,3,I had to … in for the director when he went on a business trip. , move , put , stand ,,,C,
285,2,1,Фразовые глаголы,10,3,Do you think it’s possible to … a reconciliation between the neighbours? , bring about , make up , make up with ,,,A,
286,2,1,Фразовые глаголы,11,3,Some information has … so scandalous news are already in the media. , dropped in , fallen in , leaked out ,,,C,
287,2,1,Фразовые глаголы,12,3,We decided to … and find another route when a black cat crossed the road in front of us. , turn back , fall off , fall out ,,,A,
288,2,1,Фразовые глаголы,13,3,I’m sure the pain will … very soon. , die out , wear off , fall down ,,,B,
289,2,1,Фразовые глаголы,14,3,We couldn’t hear each other clearly any more as the music … . , blared out , turned up , set off ,,,A,
290,2,1,Фразовые глаголы,15,3,It was very difficult to bring him … our standpoint. , up to , round to , under ,,,B,
291,2,1,Фразовые глаголы,16,3,There were so many children going on the excursion that the principal had to … an extra bus. , give off , shoot off , lay on ,,,C,
292,2,1,Фразовые глаголы,17,3,We went for a walk as soon as the rain … . , gave away , held off , got down ,,,B,
293,2,1,Фразовые глаголы,18,3,The dog was trapped as the kennel roof … . , cracked down , butted out , caved in ,,,C,
294,2,1,Фразовые глаголы,19,3,Her winning the game came as a surprise. I wonder how she could bring it … . , out , off , round ,,,B,
295,2,1,Фразовые глаголы,20,3,The bank is planning to … the new interest rates gradually for its clients to get used to them little by little. , phase in , hand over , give for ,,,A,
296,2,1,Фразовые глаголы,21,3,A lot of people were hospitalized as the epidemic … . , flared up , lifted off , shot off ,,,A,
297,2,1,Фразовые глаголы,22,3,I must … the details not to forget anything while delivering the speech. , drag on , ebb away , jot down ,,,C,
298,2,1,Фразовые глаголы,23,3,The opponent was so persuasive that I had to … .  , fall into , climb down , come up ,,,B,
299,2,1,Фразовые глаголы,24,3,They didn’t invite you so you shouldn’t have … . , broken off , caught on , barged in ,,,C,
300,2,1,Фразовые глаголы,25,3,He is … in years but not getting wiser unfortunately. , getting on , coming off , catching up ,,,A,
301,2,2,Идиомы,1,3,“Are you OK?” “I’m feeling a bit … . , below the bar , below par , under bar ,,,B,
302,2,2,Идиомы,2,3,I’m so glad you have your essay … . , under the belt , over the belt , over the top ,,,A,
303,2,2,Идиомы,3,3,They have set their … on a 15% increase in output this year. , glances , eyes , sights ,,,C,
304,2,2,Идиомы,4,3,He took a lot of … in the press when he showed his new film. , flak , flam , flan ,,,A,
305,2,2,Идиомы,5,3,Even major companies became … in the recession. , targets , casualties , captures ,,,B,
306,2,2,Идиомы,6,3,“You shouldn’t have done it. We all can get into trouble because of it”. “It’s easy to say that … ”., in good time , well forehanded , with hindsight ,,,C,
307,2,2,Идиомы,7,3,I’m so tired of doing the same things day after day. I’m in a … I’m afraid. , rut , track , flak ,,,A,
308,2,2,Идиомы,8,3,I’ve got so many things to do! I don’t know whether I’m … . , coming in or coming out , coming up or coming down , coming or going ,,,C,
309,2,2,Идиомы,9,3,If you’re starting a business there’s no … to success. , short-route , short-cut , short-track ,,,B,
310,2,2,Идиомы,10,3,Look at the watch. Ann’s 30 minutes late. I’m afraid she got … . , side-tracked , off-tracked , out-tracked ,,,A,
311,2,2,Идиомы,11,3,Whatever he does his career doesn’t … . , take up , take off , shoot off ,,,B,
312,2,2,Идиомы,12,3,I’m afraid I don’t have any energy left. I’m … . , getting right off the rails , getting out of the stream , running out of steam ,,,C,
313,2,2,Идиомы,13,3,Sam is so unlucky! I think he’s been dealt a … hand. , lousy , crappy , scabby ,,,A,
314,2,2,Идиомы,14,3,We’re having bad times. The … are down. , bucks , chips , checks ,,,B,
315,2,2,Идиомы,15,3,I can’t believe he has been promoted! It’s obviously the luck of the … . , ballot , toss , draw ,,,C,
316,2,2,Идиомы,16,3,Why are you always late for work? Don’t you understand your position is at … ? , stake , rate , venture ,,,A,
317,2,2,Идиомы,17,3,Imagine her survive against all the … ! , jots , odds , lots ,,,B,
318,2,2,Идиомы,18,3,Now that we’ve saved enough money our trip to London is on the … . , clock , sleeves , cards ,,,C,
319,2,2,Идиомы,19,3,Their boss keeps track of everything that’s going on in the company. He runs a … ship. , tight , major , big ,,,A,
320,2,2,Идиомы,20,3,We are overburdened with work. It’s all hands on … . , deck , board , board a ship ,,,A,
321,2,2,Идиомы,21,3,If they dock wages there’s going to be a … ! , mutilation , mutiny , mutuality ,,,B,
322,2,2,Идиомы,22,3,If you want your business to be a success all your employees should … together. , push , pull , urge on ,,,B,
323,2,2,Идиомы,23,3,Can you imagine that one of the biggest supermarkets in town has broken … with the others and lowered prices significantly? , bounds , marges , ranks ,,,C,
324,2,2,Идиомы,24,3,Have you heard the news? Mr. Smith is not our boss any more. He has handed the … over to Mr. Trayler. , wand , rod , baton ,,,C,
325,2,2,Идиомы,25,3,I’ve almost finished the essay. I’m on the last … . , block , lap , straight ,,,B,
326,2,3,"Личные формы глагола (категории времени, временной отнесенности, аспектуальности)",1,3,Let’s have lunch. … a snack yet? , Have you had , Did you have , Have you got ,,,A,
327,2,3,"Личные формы глагола (категории времени, временной отнесенности, аспектуальности)",2,3,I … a wink last night. , haven’t slept , didn’t sleep , haven’t been sleeping ,,,B,
328,2,3,"Личные формы глагола (категории времени, временной отнесенности, аспектуальности)",3,3,Shakespeare … a lot of sonnets. , has written , has been writing , wrote ,,,C,
329,2,3,"Личные формы глагола (категории времени, временной отнесенности, аспектуальности)",4,3,They … to start a new advertising campaign quite early in the negotiations. , agreed , have agreed , were agreed ,,,A,
330,2,3,"Личные формы глагола (категории времени, временной отнесенности, аспектуальности)",5,3,Now that we … consent concerning the main problem we can go on with the negotiations. , have achieved , achieved , have been achieving ,,,A,
331,2,3,"Личные формы глагола (категории времени, временной отнесенности, аспектуальности)",6,3,Unemployment figures … substantially in recent years. , rose , had risen , have risen ,,,C,
332,2,3,"Личные формы глагола (категории времени, временной отнесенности, аспектуальности)",7,3,This is the camera I … ever since I was 20. , used , have used , was using ,,,B,
333,2,3,"Личные формы глагола (категории времени, временной отнесенности, аспектуальности)",8,3,This … her car for over 10 years but she has no wish to sell it. , was , has been , have been ,,,B,
334,2,3,"Личные формы глагола (категории времени, временной отнесенности, аспектуальности)",9,3,She … with her parents last weekend. , has been staying , has stayed , stayed ,,,C,
335,2,3,"Личные формы глагола (категории времени, временной отнесенности, аспектуальности)",10,3,According to yesterday’s TV programme scientists … a very important discovery. , have made , made , had made ,,,A,
336,2,3,"Личные формы глагола (категории времени, временной отнесенности, аспектуальности)",11,3,"At the start of his career, James Francis Cameron … The Terminator. ", has shot , shot , had shot ,,,B,
337,2,3,"Личные формы глагола (категории времени, временной отнесенности, аспектуальности)",12,3,He … hard to fatten the profits and says he will keep it up. , has worked , worked , was working ,,,A,
338,2,3,"Личные формы глагола (категории времени, временной отнесенности, аспектуальности)",13,3,The firm … so many complaints about the new product that they decided to suspend the product release. , has been receiving , has received , received ,,,C,
339,2,3,"Личные формы глагола (категории времени, временной отнесенности, аспектуальности)",14,3,We … more than 30 orders in the last 3 months. , secured , have secured , were securing ,,,B,
340,2,3,"Личные формы глагола (категории времени, временной отнесенности, аспектуальности)",15,3,A great deal … since we met last. , has happened , have happened , happened ,,,A,
341,2,3,"Личные формы глагола (категории времени, временной отнесенности, аспектуальности)",16,3,… haggis when you lived in Scotland? , Have you ever eaten , Have you ever been eating , Did you ever eat ,,,C,
342,2,3,"Личные формы глагола (категории времени, временной отнесенности, аспектуальности)",17,3,I … trouble with the neighbours the whole of the time I lived in that district. , was having , had , have had ,,,B,
343,2,3,"Личные формы глагола (категории времени, временной отнесенности, аспектуальности)",18,3,Being a historian my friend studies how people … in the past. , lived , were living , have lived ,,,A,
344,2,3,"Личные формы глагола (категории времени, временной отнесенности, аспектуальности)",19,3,She … a lot this year. , travelled , has travelled , was travelling ,,,B,
345,2,3,"Личные формы глагола (категории времени, временной отнесенности, аспектуальности)",20,3,"By the time she got home, the bath … . ", has been overflowing , overflowed , had overflowed ,,,C,
346,2,3,"Личные формы глагола (категории времени, временной отнесенности, аспектуальности)",21,3,Taking into account the new advertising policy I’m sure next month more people … to the shop. , are going to come , are coming , will come ,,,C,
347,2,3,"Личные формы глагола (категории времени, временной отнесенности, аспектуальности)",22,3,I feel terrible. I’m afraid … sick. , am going to be , ‘ll be , ‘ll be getting ,,,A,
348,2,3,"Личные формы глагола (категории времени, временной отнесенности, аспектуальности)",23,3,No doubt you … a good time living in London. , ‘re going to have , ‘ll have , are to have ,,,B,
349,2,3,"Личные формы глагола (категории времени, временной отнесенности, аспектуальности)",24,3,"I … to my friends this weekend, I’m afraid. I have to visit my parents. ", won’t be going , won’t go , shouldn’t go ,,,A,
350,2,3,"Личные формы глагола (категории времени, временной отнесенности, аспектуальности).",25,3,The danger is that the erupting volcano … all the buildings in the town. , is to destroy , is going to destroy , will destroy ,,,C,
351,2,4,Модальные глаголы + «used to»,1,3,You … allow your competitor to win the game. , don’t need to , don’t have to , must not ,,,C,
352,2,4,Модальные глаголы + «used to»,2,3,I … so much food. There’s a pile of leftovers in the fridge now. , needn’t have cooked , didn’t need to cook , didn’t have to cook ,,,A ,
353,2,4,Модальные глаголы + «used to»,3,3,"If I were you, I … it as soon as possible. ", should do , ought to do , ought to have don ,,,A,
354,2,4,Модальные глаголы + «used to»,4,3,"According to the prescription, the pills … be taken twice a day. ", ought to , should , are to ,,,B,
355,2,4,Модальные глаголы + «used to»,5,3,John isn’t at work yet. He … have stuck in a traffic jam. , should , ought to , must ,,,C,
356,2,4,Модальные глаголы + «used to»,6,3,“Do you think the supermarket is open now?” “It’s already 10 a.m. It … be open.” , ought to , should , must ,,,C,
357,2,4,Модальные глаголы + «used to»,7,3,"Sam is going abroad for 5 years. By the time he returns back to London he … his address, I’m afraid. ", will have forgotten , would have forgotten , will forget ,,,A,
358,2,4,Модальные глаголы + «used to»,8,3,"After she saw the dress in the shop-window, she … to buy it. ", would want , used to want , wanted ,,,C,
359,2,4,Модальные глаголы + «used to»,9,3,"Jackie is concerned about her health, so most mornings she … go jogging. ", will , would , used to ,,,A,
360,2,4,Модальные глаголы + «used to»,10,3,Children … misbehave however strict their parents are. , would , will , used to ,,,B,
361,2,4,Модальные глаголы + «used to»,11,3,I think I saw Thomas leaving the office. He … be at work now. , mustn’t , can’t , mightn’t ,,,C,
362,2,4,Модальные глаголы + «used to»,12,3,"Mark was free yesterday evening, so he … read a book. ", was able to , could , ought to ,,,A,
363,2,4,Модальные глаголы + «used to»,13,3,"Look at me, Dad. I … swim! ", am able to , can , may ,,,B,
364,2,4,Модальные глаголы + «used to»,14,3,Despite his being so aggressive we … come to an agreement. So we’re on good term now. , could , might , were able to ,,,C,
365,2,4,Модальные глаголы + «used to»,15,3,"Dan was preoccupied with his essay, but he … take a short break and go for a walk with us. ", was able to , could , might ,,,A,
366,2,4,Модальные глаголы + «used to»,16,3,I … see the dean. She’s called me. , must , have to , should ,,,B,
367,2,4,Модальные глаголы + «used to»,17,3,"Ann’s got some health problems, so she … take pills every 6 hours. ", is to , must , has to ,,,C,
368,2,4,Модальные глаголы + «used to»,18,3,I … see my boss. I want to talk about the possibility of my promotion. , must , have to , am to ,,,A,
369,2,4,Модальные глаголы + «used to»,19,3,You … come and stay with us for Christmas. , have to , must , are able to ,,,B,
370,2,4,Модальные глаголы + «used to»,20,3,Ann always oversleeps so her father … drive her to the office for her not to be late for work. , is to , must , has to ,,,C,
371,2,4,Модальные глаголы + «used to»,21,3,You’ve got so many friends! You … get a lot of presents each birthday. , must , have to , are to ,,,A,
372,2,4,Модальные глаголы + «used to»,22,3,You … be over 16 to taste this cocktail. , needn’t to , needn’t , don’t need to ,,,C,
373,2,4,Модальные глаголы + «used to»,23,3,Now that there is so much information in the Internet students … go to the library so often. , needn’t , don’t need to , mustn’t ,,,B,
374,2,4,Модальные глаголы + «used to»,24,3,Chris … send me an invitation. I had already been invited to the party. , ought not to , needn’t , didn’t need to ,,,C,
375,2,4,Модальные глаголы + «used to»,25,3,"To June’s surprise, last night she … go to the disco. ", could , was allowed to , had to ,,,B,
376,2,5,Неличные формы глагола,1,3,Her boss refused … the resignation employment. , her accepting , her to accept , to accept ,,,C,
377,2,5,Неличные формы глагола,2,3,Ann threatened … his parents what he had done. , to tell , him to tell , him tell ,,,A,
378,2,5,Неличные формы глагола,3,3,She arranged … abroad for the holidays. , Chris to go , for Chris to go , Chris going ,,,B,
379,2,5,Неличные формы глагола,4,3,She made her fiancé … in the garden. , wait , to wait , to be waiting ,,,A,
380,2,5,Неличные формы глагола,5,3,I had to make … with my old camera though I wanted to use a new one. , do , to do , to have don ,,,A,
381,2,5,Неличные формы глагола,6,3,I’d advise … more books in English. , to read , reading , to be reading ,,,B,
382,2,5,Неличные формы глагола,7,3,Jim encouraged … them the truth. , to tell , to be telling , telling ,,,C,
383,2,5,Неличные формы глагола,8,3,"He meant … up at 6 a.m. yesterday morning, but overslept. ", getting , to get , to have been getting ,,,B,
384,2,5,Неличные формы глагола,9,3,"If you want to treat your guests with a delicious dish, that means … cooking right now. ", to start , to be starting , starting ,,,C,
385,2,5,Неличные формы глагола,10,3,"It’s too late now, but I’ll always regret … her for help. ", asking , to ask , to have asked ,,,A,
386,2,5,Неличные формы глагола,11,3,She tried … the new pills to see if the headache ceases. , to take , taking , to be taking ,,,B,
387,2,5,Неличные формы глагола,12,3,"The cook tried … spices, but the taste of the dish didn’t improve. ", to add , to have added , adding ,,,C,
388,2,5,Неличные формы глагола,13,3,"Although nobody showed any interest in the subject, he went on … about ancient Greeks. ", talking , to be talking , to talk ,,,A,
389,2,5,Неличные формы глагола,14,3,Dr. Smith welcomed everyone and went on … the students about the Great Vowel Shift. , to tell , telling , his telling ,,,A,
390,2,5,Неличные формы глагола,15,3,We regret … you that your order can’t be delivered tonight. , notifying , to notify , having notified ,,,B,
391,2,5,Неличные формы глагола,16,3,Did you remember … Tom about our arrival before coming to the airport? , telling , to tell , to have told ,,,B,
392,2,5,Неличные формы глагола,17,3,Remember … some cucumbers on the way home or we won’t have any cucumber sandwiches tonight. , buying , to be buying , to buy ,,,C,
393,2,5,Неличные формы глагола,18,3,Now I regret … him with me. , to have invited , to have been inviting , having invited ,,,C,
394,2,5,Неличные формы глагола,19,3,She resented Dan … the game. , winning , to win , to have won ,,,A,
395,2,5,Неличные формы глагола,20,3,Last night I saw him … out of the window. , jumping , jump , having jumped ,,,B,
396,2,5,Неличные формы глагола,21,3,Once I noticed him … a ring. , stealing , to steal , steal ,,,C,
397,2,5,Неличные формы глагола,22,3,He consented … them at the airport. , to meet , her to meet , her to be meeting ,,,A,
398,2,5,Неличные формы глагола,23,3,As he wanted them to leave him alone he made … that he was preoccupied with his new novel. , us believe , us to believe , believe ,,,C,
399,2,5,Неличные формы глагола,24,3,They stopped … about Jim as soon as he entered the room. , gossiping , to gossip , to have been gossiping ,,,A,
400,2,5,Неличные формы глагола,25,3,"When all the vegetables were chopped, she went on … sauce for the salad. ", making , to make , to be making ,,,B,
401,2,6,Артикли,1,3,The prize was given to … poet Adam Smith. , a , the , no article ,,,B,
402,2,6,Артикли,2,3,He was promoted to the position of … Director of Personnel. , a , the , no article ,,,C,
403,2,6,Артикли,3,3,He was proposed the post of … Head of Department. , a , the , no article ,,,C,
404,2,6,Артикли,4,3,I’m afraid … international market is too small for these two huge companies. , an , the , no article ,,,B,
405,2,6,Артикли,5,3,In … jet age one must be more active! , a , the , no article ,,,B,
406,2,6,Артикли,6,3,Do you like working in … travel industry? , the , a , no article ,,,A,
407,2,6,Артикли,7,3,I don’t have any respect for those involved in …. arms trade. , the , an , no article ,,,A,
408,2,6,Артикли,8,3,"When I saw her, she was sitting in the garden listening to … wind whistling in the reeds. ", the , a , no article ,,,A,
409,2,6,Артикли,9,3,The snow began to melt as … warm wind came from the South. , no article , the , a ,,,C,
410,2,6,Артикли,10,3,June dreamt of … future where everybody could be happy. , no article , the , a ,,,C,
411,2,6,Артикли,11,3,Our mission is to explain … public how important it is to be more tolerant. , the , a , no article ,,,A,
412,2,6,Артикли,12,3,It’s … most important issue. We’d better add it to the list of topics we’re to discuss in the course of our negotiations. , no article , a , the ,,,B,
413,2,6,Артикли,13,3,This dictionary will surely help students learn … meaning of new words more rapidly. , no article , a , the ,,,C,
414,2,6,Артикли,14,3,China has … rapidly expanding population. , the , a , no article ,,,B,
415,2,6,Артикли,15,3,Students should understand how … business works. , the , a , no article ,,,C,
416,2,6,Артикли,16,3,Do you think … printing business is profitable? , the , a , no article ,,,A,
417,2,6,Артикли,17,3,Computers are nowadays found in both … . , home and office , a home and an office , the home and the office ,,,C,
418,2,6,Артикли,18,3,Linguists know that … printing machine influenced history of the English language. , no article , the , a ,,,B,
419,2,6,Артикли,19,3,… is a person or company that builds things. , Builder , The builder , A builder ,,,C,
420,2,6,Артикли,20,3,Have you seen that film where … brilliant actor Harrison Ford is starring? , no article , the , a ,,,B,
421,2,6,Артикли,21,3,There’s … Mr. Smith on the phone. I don’t know him. Do you know him? , no article , the , a ,,,C,
422,2,6,Артикли,22,3,Margaret is in … hospital now. There’s something wrong with her liver. , no article , the , a ,,,A,
423,2,6,Артикли,23,3,She works as a scrubwoman at … university. , the , a , no article ,,,B,
424,2,6,Артикли,24,3,That was … summer I’ll remember ever after. , no article , the , a ,,,C,
425,2,6,Артикли,25,3,We’re having … dinner to welcome our foreign guests. , a , the , no article ,,,A,
426,2,7,Пассив и условное наклонение,1,3,Derek was … calling Susan at midnight. , recalled , remembered , heard ,,,C,
427,2,7,Пассив и условное наклонение,2,3,Frank was … to be at the party. , needed , meant , preferred ,,,B,
428,2,7,Пассив и условное наклонение,3,3,Joan resented … to make cocktails for everybody at the party. , being asked , asking , having asked ,,,A,
429,2,7,Пассив и условное наклонение,4,3,It is … that the minister is coming to the meeting. , told , reminded , reported ,,,C,
430,2,7,Пассив и условное наклонение,5,3,It was … that the meeting could be held at 10 a.m. , warned , agreed , reassured ,,,B,
431,2,7,Пассив и условное наклонение,6,3,The ball was … to be gorgeous. , announced , expected , mentioned ,,,B,
432,2,7,Пассив и условное наклонение,7,3,"If Patrick … a chance of success, he would start a business in Paris. But he hasn’t got any. ", were to have , has had , had had ,,,A,
433,2,7,Пассив и условное наклонение,8,3,"If he … how to deal with this, he would help us. ", was to understand , were to understand , understood ,,,C,
434,2,7,Пассив и условное наклонение,9,3,"… for Sandra, I wouldn’t go to the theatre this time. ", Were it not , If it hadn’t been, Had it not been ,,,A,
435,2,7,Пассив и условное наклонение,10,3,Bob’s a true friend. … we wouldn’t have started a business. ," If he had helped us, "," If it wasn’t for him, "," But for his help, ",,,C,
436,2,7,Пассив и условное наклонение,11,3,Draw the drapes if it … you to sleep. , will help , helped , help ,,,A,
437,2,7,Пассив и условное наклонение,12,3,"Dear colleagues, … your seats, we can start our negotiations.", if you had taken , if you will take , but for your taking ,,,B,
438,2,7,Пассив и условное наклонение,13,3,"If the Black Sea …, we could skate on it in winter. ", froze , happened to freeze , should happen to freeze ,,,A,
439,2,7,Пассив и условное наклонение,14,3,"If you … to the moon next weekend, don’t forget to send me a postcard. ", happened to go , should happen to go , went ,,,C,
440,2,7,Пассив и условное наклонение,15,3,"We’ll go to the beach, … . ", unless it rains , unless it would rain , were it not for the rain ,,,A,
441,2,7,Пассив и условное наклонение,16,3,"…, she would have won the competition. ", Was it not for her turning her ankle , If she hadn’t turned her ankle , Unless she had turned her ankle ,,,B,
442,2,7,Пассив и условное наклонение,17,3,I didn’t know … or not Cathy was going to the theatre with us. , if , whether , provided ,,,B,
443,2,7,Пассив и условное наклонение,18,3,"…, the flowers will wither. ", If it wasn’t for the rain , But for the rain , Unless it rains ,,,C,
444,2,7,Пассив и условное наклонение,19,3,"… for her, I wouldn’t have visited Rome. ", If it hadn’t been , Unless it had been , Were it not ,,,A,
445,2,7,Пассив и условное наклонение,20,3,She’ll be sorry … for the job. , unless she applies , if she doesn’t apply , if she wouldn’t apply ,,,B,
446,2,7,Пассив и условное наклонение,21,3,I must hurry to the airport right now not to be late for the plane – … me a lift. , but for your giving , if you don’t want to give , unless you want to give ,,,C,
447,2,7,Пассив и условное наклонение,22,3,He wouldn’t have missed the party … ill. , if he hadn’t been , unless he had been , was it not for his being ,,,A,
448,2,7,Пассив и условное наклонение,23,3,What will you watch tonight … for a walk? , unless you go , if you don’t go , if you wouldn’t go ,,,B,
449,2,7,Пассив и условное наклонение,24,3,There is some question as to ... we should invite her to the party. , if , if or not , whether ,,,C,
450,2,7,Пассив и условное наклонение,25,3,Don couldn’t make up his mind about … his friends were pulling his leg. , if , whether , if or not ,,,B,
451,2,8,"Глаголы-связки: be, appear, seem, become, get, do, make, etc.",1,3,Living in Scotland they have … adapted to constant rains. , become , got , turned ,,,A,
452,2,8,"Глаголы-связки: be, appear, seem, become, get, do, make, etc.",2,3,She … fifty last month. , went , turned , got ,,,B,
453,2,8,"Глаголы-связки: be, appear, seem, become, get, do, make, etc.",3,3,He eventually … like the way she danced. , became to , grew to , came ,,,B,
454,2,8,"Глаголы-связки: be, appear, seem, become, get, do, make, etc.",4,3,The grass seemed … faster after the rain. , to be growing , growing , to have been growing ,,,A,
455,2,8,"Глаголы-связки: be, appear, seem, become, get, do, make, etc.",5,3,He had serious problems with his lungs but eventually appeared … . , recovering , to have been recovering , to be recovering ,,,C,
456,2,8,"Глаголы-связки: be, appear, seem, become, get, do, make, etc.",6,3,It’s already midnight but the children still seem … . , awake , being awake , to be awake ,,,C,
457,2,8,"Глаголы-связки: be, appear, seem, become, get, do, make, etc.",7,3,Carol entered the house which at first … completely empty. , seemed to be , seemed , seemed being ,,,A,
458,2,8,"Глаголы-связки: be, appear, seem, become, get, do, make, etc.",8,3,"Although she was the youngest in the class, she soon …. recognised as the best student. ", got , became , grew ,,,B,
459,2,8,"Глаголы-связки: be, appear, seem, become, get, do, make, etc.",9,3,"When he focused his telescope, the star … visible. ", turned , got , became ,,,C,
460,2,8,"Глаголы-связки: be, appear, seem, become, get, do, make, etc.",10,3,Norma … really excited when she saw the puppy. , got , became , turned ,,,A,
461,2,8,"Глаголы-связки: be, appear, seem, become, get, do, make, etc.",11,3,After the blood-stroke his speech … unintelligible. , got , became , turned ,,,B,
462,2,8,"Глаголы-связки: be, appear, seem, become, get, do, make, etc.",12,3,He … bald before he was forty. , turned , got , went ,,,C,
463,2,8,"Глаголы-связки: be, appear, seem, become, get, do, make, etc.",13,3,"When Sheila picked up the phone, the line … dead. ", got , turned , went ,,,C,
464,2,8,"Глаголы-связки: be, appear, seem, become, get, do, make, etc.",14,3,The book … missing when Dave left the room. , got , went , turned ,,,B,
465,2,8,"Глаголы-связки: be, appear, seem, become, get, do, make, etc.",15,3,"When Ronaldo shot a goal, football fans … with excitement. ", went , turned , got ,,,A,
466,2,8,"Глаголы-связки: be, appear, seem, become, get, do, make, etc.",16,3,By the age of forty Alice gradually … to resemble her mother. , came , got , went ,,,A,
467,2,8,"Глаголы-связки: be, appear, seem, become, get, do, make, etc.",17,3,Mary opened the fridge and found out that the cheese had … mouldy. , turned , gone , got ,,,B,
468,2,8,"Глаголы-связки: be, appear, seem, become, get, do, make, etc.",18,3,They moved to the district which people … to call “The Hillside”. , got , turned , grew ,,,C,
469,2,8,"Глаголы-связки: be, appear, seem, become, get, do, make, etc.",19,3,Michael … deaf during the war. , went , turned , got ,,,A,
470,2,8,"Глаголы-связки: be, appear, seem, become, get, do, make, etc.",20,3,In the course of time Jenny … to understand why Glen behaved that way. , got , grew , went ,,,B,
471,2,8,"Глаголы-связки: be, appear, seem, become, get, do, make, etc.",21,3,They are … a very interesting research. , doing , making , performing ,,,A,
472,2,8,"Глаголы-связки: be, appear, seem, become, get, do, make, etc.",22,3,They have … an important discovery. , performed , done , made ,,,C,
473,2,8,"Глаголы-связки: be, appear, seem, become, get, do, make, etc.",23,3,The hurricane has … a lot of damage. , made , done , pleached ,,,B,
474,2,8,"Глаголы-связки: be, appear, seem, become, get, do, make, etc.",24,3,"Believe me, he didn’t mean to … any harm. ", pleach , make , do ,,,C,
475,2,8,"Глаголы-связки: be, appear, seem, become, get, do, make, etc.",25,3,She has … an important contribution to our campaign. , pleached , done , made ,,,C,
476,2,9,Существительные и определители,1,3,When I got home I found … on the doorstep. , a congratulation’s card , a congratulations card , congratulations’ cards ,,,B,
477,2,9,Существительные и определители,2,3,John decided to spend … holiday at the … . , a three-week … Sampsons' , a three-weeks … Sampsons , three weeks … Sampsons’ ,,,A,
478,2,9,Существительные и определители,3,3,Mary headed for the … house to ask him for help. , governor's-generals , governor-generals’ , governor-general's ,,,C,
479,2,9,Существительные и определители,4,3,Sarah wished she had a little garden with … like that of … . , lilies-of-the-valley … Mrs. Sand’s , lilies-of-the-valleys … Mrs. Sand's , lily-of-the-valleys … Mrs. Sand ,,,A,
480,2,9,Существительные и определители,5,3,Look at these … ! Only … can understand them! ," indices, formulas … genii "," indexes, formula … geniuses "," indexes, formulae … geniuses ",,,C,
481,2,9,Существительные и определители,6,3,The neuroscientists examined brain activity during a simple … experiment. , decision-making , decisions-making , making-decision ,,,A,
482,2,9,Существительные и определители,7,3,The most common treatment for seasonal affective disorder is … . , lights therapy , light’s therapy , light therapy ,,,C,
483,2,9,Существительные и определители,8,3,Mumps … a dangerous disease but I’m not sure that the … is correct. , is … diagnoses , are … diagnosis , is … diagnosis ,,,C,
484,2,9,Существительные и определители,9,3,… is being researched at the local laboratory. , These species , This species , Those species ,,,B,
485,2,9,Существительные и определители,10,3,He’s going to paint … red. , the roof’s tiles , the roof tile , the tiles of the roof ,,,C    ,
486,2,9,Существительные и определители,11,3,I was greatly impressed by … solemn speech. , The Prince’s of Wales , The Prince of Wale’s , The Prince of Wales’ ,,,C,
487,2,9,Существительные и определители,12,3,The fifty dollars she gave me … spent on pills yesterday. , was , were , have been ,,,A,
488,2,9,Существительные и определители,13,3,We have to admit that about 60 per cent of the houses here … major repairs. , need , needs , needs in ,,,A,
489,2,9,Существительные и определители,14,3,Billiards … a boring game. I wonder why the youth of today … so fond of …? , are … is … them , are … are … it , is … are … it ,,,C,
490,2,9,Существительные и определители,15,3,The majority of local people … on growing crops and keeping animals. , is depending , depends , depend ,,,C,
491,2,9,Существительные и определители,16,3,Only ten miles … the cities involved in the contest. , separate , separates , have separated ,,,B ,
492,2,9,Существительные и определители,17,3,Stop! The traffic … heavy and the traffic lights … red. , is … is , is … are , are … is ,,,B,
493,2,9,Существительные и определители,18,3,Displayed on the board … some new adverts. , was , were , there is ,,,B,
494,2,9,Существительные и определители,19,3,Jane gave … money she had to a beggar. , what little , quite a few , a great number of ,,,A,
495,2,9,Существительные и определители,20,3,… at the university will be pleased to have an extra day off. , A quite few students , Many a student , Great deal of students ,,,B,
496,2,9,Существительные и определители,21,3,Their companion was not able to stay for … performance. , the whole , all the , whole ,,,A,
497,2,9,Существительные и определители,22,3,We haven’t slept a wink. The baby was crying … night long. , through the , whole , all ,,,C,
498,2,9,Существительные и определители,23,3,Mr. Strafford donated … as 300 euros yesterday. , as much , much , less ,,,A,
499,2,9,Существительные и определители,24,3,I can’t come out. I’ve got … work to do. , a rather much , quite lot of , rather a lot of ,,,C,
500,2,9,Существительные и определители,25,3,Sally earns twice … I do. , as much money than , much money as , as much money as ,,,C,
501,2,10,Местоимения и предлоги,1,3,The committee usually raise … hands to vote ‘Yes’. , its , their , his ,,,B,
502,2,10,Местоимения и предлоги,2,3,Some youngsters are very responsible nowadays and … make excuses for all of their shortfalls. , the others , others , the other ,,,B,
503,2,10,Местоимения и предлоги,3,3,"Between … , I don’t think George is as generous as he should be. ", ourselves , you and myself , ours ,,,A,
504,2,10,Местоимения и предлоги,4,3,"The other people, … most readers will have heard of, are also from Canada. ", neither of who , none of which , none of whom ,,,C,
505,2,10,Местоимения и предлоги,5,3,We arranged the party but … came. , not anyone , no one , none of ,,,B,
506,2,10,Местоимения и предлоги,6,3,… the athletes is over 30. , Not any among , None of , No of ,,,B,
507,2,10,Местоимения и предлоги,7,3,The valley … the town lies is very picturesque. , in which , in that , which ,,,A,
508,2,10,Местоимения и предлоги,8,3,Suzie is one of the kindest people … I know. , who , that , which ,,,B,
509,2,10,Местоимения и предлоги,9,3,These files contain all … you need to know. , that , which , that’s ,,,A,
510,2,10,Местоимения и предлоги,10,3,"Laura was able to switch between Spanish and German, … she spoke fluently. ", both of which , they both , both which ,,,A,
511,2,10,Местоимения и предлоги,11,3,Thomas arrived … France … the Christmas holidays. , at … on , in … in , to … on ,,,B,
512,2,10,Местоимения и предлоги,12,3,They’ve had an increase … about 40% in the last three months. , by , in , of ,,,C,
513,2,10,Местоимения и предлоги,13,3,The company’s managers were very wary … advertising on the site. , for , of , at ,,,B,
514,2,10,Местоимения и предлоги,14,3,The damage … the goods happened … no fault of ours. , of … by , of … at , to … through ,,,C,
515,2,10,Местоимения и предлоги,15,3,We will be grateful … you if you will inform us … your decision … five days. , to … about … during , for … of … in , to … of … within ,,,C,
516,2,10,Местоимения и предлоги,16,3,… accordance … our request they advised us of the terms and conditions they cooperate … . , in … to … at , in … with … on , in … to … with ,,,B,
517,2,10,Местоимения и предлоги,17,3,This type of depression is triggered by a fall … the production of a particular hormone. , under , in , of ,,,B,
518,2,10,Местоимения и предлоги,18,3,I know they take pride … all their achievements. , in , about , of ,,,A,
519,2,10,Местоимения и предлоги,19,3,Jimmy’s love … money was almost an obsession. , at , of , with ,,,B,
520,2,10,Местоимения и предлоги,20,3,Our customers are not content … the quality of the furs you deal … . , with … in , about … on , by … with ,,,A,
521,2,10,Местоимения и предлоги,21,3,I didn’t object … their moving in the wrong direction. , despite of , in spite of , with ,,,B,
522,2,10,Местоимения и предлоги,22,3,Mr. Smith was angry … being denied admittance. , at , with , by ,,,A,
523,2,10,Местоимения и предлоги,23,3,"Jeffrey had to choose … the universities of Leeds, York and Manchester. ", among , over , between ,,,C,
524,2,10,Местоимения и предлоги,24,3,In 1919 these two countries were still … . , in war , at war , at the war ,,,B,
525,2,10,Местоимения и предлоги,25,3,Am I right … thinking that you come from Brazil? , about , at , in ,,,C,
526,3,1,история английского языка - 1,1,4,Большую роль в становлении большинства английских вопросительных местоимений сыграла … . , ассибиляция , вокализация , геминация , метатеза ,, D,
527,3,1,история английского языка - 1,2,4,"Второй класс древнеанглийских слабых глаголов был более продуктивным, чем первый, поскольку для глаголов второго класса не было характерно такое явление, как … . ", аблаут , метатеза , умлаут , вокализация ,, C,
528,3,1,история английского языка - 1,3,4,"Формы единственного и множественного числа существительных foot (feet), tooth (teeth), man (men) и ряда других отличаются друг от друга качеством корневого гласного благодаря действию … . ", аблаута , геминации , сдвига гласных , умлаута ,, D,
529,3,1,история английского языка - 1,4,4,Для ранних памятников древнеанглийской литературы было обязательно наличие в поэтическом произведении … . , аллитерации и рифмы , рифмы и цезуры , рифмы и ритма , аллитерации и цезуры ,, D,
530,3,1,история английского языка - 1,5,4,Наряду с прямым и обратным порядком слов в древнеанглийских предложениях также встречался … порядок слов. , синтетический , синтаксический , семантический , синсемантический ,, A,
531,3,2,история английского языка – 2,1,4,Качественно-количественный аблаут можно увидеть в парадигме древнеанглийских … . , слабых глаголов первого класса , сильных глаголов шестого класса , претерито-презентных глаголов , неправильных глаголов ,, B,
532,3,2,история английского языка – 2,2,4,По мнению ряда лингвистов на развитие личного местоимения she оказало влияние … местоимение женского рода. , притяжательное , указательное , неопределенное , неопределенно-личное ,, B,
533,3,2,история английского языка – 2,3,4,Частица “to” современного английского инфинитива произошла от древнеанглийского предлога “tō” … падежа. , родительного , дательного , винительного , творительного ,, B,
534,3,2,история английского языка – 2,4,4,"Отто Есперсен считал, что одной из основных причин перехода английского языка от синтетического строя к аналитическому явилось … завоевание Британии. ", нормандское , римское , скандинавское , англосаксонское ,, C,
535,3,2,история английского языка – 2,5,4,"Большинство ученых, занимающихся вопросами истории английского языка, выделяют три периода его развития, принимая во внимание экстралингвистические факторы. Выдающийся лингвист … предложил периодизацию развития английского языка, основанную на учете собственно лингвистических (языковых) факторов. ", Бруннер К. , Вернер К. , Раск Р. , Суит Г. ,, D,
536,3,3,стилистика английского языка + языкознание,1,4,"Название рассказа О. Henry “Mammon and the Archer” не содержит такого выразительного средства, как … . ", antithesis , irony , metonymy , metaphor ,, B,
537,3,3,стилистика английского языка + языкознание,2,4,"Отрывок из романа У. Теккерея “Ярмарка тщеславия” “He was a fine open-faced boy,.. sturdy in limb, but generous and soft in heart…” не содержит такого выразительного средства, как … . ", antithesis , bathos , epithet , genuine metaphor ,, D,
538,3,3,стилистика английского языка + языкознание,3,4,"Называя в своем романе “Ярмарка тщеславия” слуг “Discovery”, “Calumny” и “awful kitchen inquisition”, У. Теккерей не использует при этом такое выразительное средство, как … . ", antonomasia , metaphor , oxymoron , zeugma ,, D,
539,3,3,стилистика английского языка + языкознание,4,4,"Английский язык принадлежит к той же языковой группе, что и … . ", бургундский , венгерский , галиндский , селийский ,, A,
540,3,3,стилистика английского языка + языкознание,5,4,Английский язык и … язык принадлежат к разным языковым семьям. , грабар , ликийский , маторский , селонский ,, C,
541,3,4,лексикология + теоретическая грамматика английского языка,1,4,"В … слова “hovel” входит, в частности, “a place where a tramp can live”. ", импликационал , интенсионал , негимпликационал , экстенсионал ,, A,
542,3,4,лексикология + теоретическая грамматика английского языка,2,4,… являются по отношению друг к другу эквонимами. , Phanerogam и rosales , Rosales и dog-bramble , Dog-bramble и hawthorn , Hawthorn и scion ,, C,
543,3,4,лексикология + теоретическая грамматика английского языка,3,4,"В наиболее авторитетных трудах по теоретической грамматике современного английского языка говорится о том, что в английском языке существует … . ",два времени ,четыре времени ,двеннадцать времен ,шестнадцать времен ,, A,
544,3,4,лексикология + теоретическая грамматика английского языка,4,4,"Формы глагола “wrote” и “had been writing”, в терминах А.И. Смирницкого, отличаются категориями … . ", времени и временной отнесенности , временной отнесенности и вида , времени и вида ," времени, временной отнесенности и вида ",, B,
545,3,4,лексикология + теоретическая грамматика английского языка,5,4,"Существуют различные точки зрения на количество … в английском языке. В ""Теоретической грамматике современного английского языка"" (авторы И.П. Иванова, В.В. Бурлакова, Г.Г. Почепцов) говорится о 3. Такого же мнения придерживаются, в частности, Дж. Лич и И.Б. Хлебникова. Другие лингвисты насчитывают их 2, 4, 5 и даже 16. ", времен , грамматических категорий глагола , классов частей речи , наклонений ,, D ,
546,3,5,когнитивная лингвистика + языкознание + лексикология,1,4,"В терминах И.А. Стернина, CUP является … концептом. ", базовым , одноуровневым , многоуровневым , сегментным ,, B,
547,3,5,когнитивная лингвистика + языкознание + лексикология,2,4,"По мнению С.Г. Воркачёва к … составляющей лингвокультурного концепта СЧАСТЬЕ относятся, в частности, стоическая, эпикурейская, гедоническая и ряд других концепций. ", значимостной , образной , понятийной , ценностной ,, C ,
548,3,5,когнитивная лингвистика + языкознание + лексикология,3,4,INSURANCE нельзя назвать … . , концептом , концептосферой , скриптом , фреймом ,, C,
549,3,5,когнитивная лингвистика + языкознание + лексикология,4,4,"Пользуясь терминологией представителей пражской школы, оппозицию единственное – множественное число в современном английском языке нельзя назвать … . ", градуальной , привативной , равнозначной , эквиполентной ,, A,
550,3,5,когнитивная лингвистика + языкознание + лексикология,5,4,В концепции М.В. Никитина “… вообще – проекция мыслительных связей импликационного характера на семантическое варьирование слова”. При этом под импликацией понимается “мыслительная операция установления линейной зависимости между концептами в сознании как отражение реальных (а иногда и мнимых) связей между реальными (а иногда и мнимыми) сущностями реального (а иногда и мнимого) мира”. , катахреза , метафора , метонимия , специализация значения ,, C,
